time_tag,xrsb_flux,xrsa_flux
2020-01-27 00:00:00,1.44395E-08,5.84605E-09
2020-01-27 00:01:00,1.60665E-08,6.16024E-09
2020-01-27 00:02:00,1.59482E-08,7.00858E-09
2020-01-27 00:03:00,1.67156E-08,5.80381E-09
2020-01-27 00:04:00,1.55071E-08,8.33574E-09
2020-01-27 00:05:00,1.56571E-08,6.37275E-09
2020-01-27 00:06:00,1.52535E-08,5.99452E-09
2020-01-27 00:07:00,1.4616E-08,6.0569E-09
2020-01-27 00:08:00,1.50396E-08,6.27472E-09
2020-01-27 00:09:00,1.47209E-08,5.49722E-09
2020-01-27 00:10:00,1.44137E-08,4.66188E-09
2020-01-27 00:11:00,1.54205E-08,6.46455E-09
2020-01-27 00:12:00,1.63838E-08,4.81148E-09
2020-01-27 00:13:00,1.51924E-08,6.26796E-09
2020-01-27 00:14:00,1.27502E-08,5.25947E-09
2020-01-27 00:15:00,1.43473E-08,6.77697E-09
2020-01-27 00:16:00,1.49541E-08,5.2627E-09
2020-01-27 00:17:00,1.36955E-08,5.40572E-09
2020-01-27 00:18:00,1.45512E-08,4.62756E-09
2020-01-27 00:19:00,1.48409E-08,5.50481E-09
2020-01-27 00:20:00,1.35207E-08,5.997E-09
2020-01-27 00:21:00,1.3743E-08,7.32609E-09
2020-01-27 00:22:00,1.49935E-08,6.3301E-09
2020-01-27 00:23:00,1.41624E-08,7.62844E-09
2020-01-27 00:24:00,1.24769E-08,6.94562E-09
2020-01-27 00:25:00,1.24127E-08,5.65447E-09
2020-01-27 00:26:00,1.45286E-08,7.32002E-09
2020-01-27 00:27:00,1.24421E-08,8.04634E-09
2020-01-27 00:28:00,1.29497E-08,6.1879E-09
2020-01-27 00:29:00,1.2229E-08,6.21536E-09
2020-01-27 00:30:00,1.36484E-08,5.34834E-09
2020-01-27 00:31:00,1.20355E-08,7.27595E-09
2020-01-27 00:32:00,1.39485E-08,5.87499E-09
2020-01-27 00:33:00,1.58455E-08,6.90269E-09
2020-01-27 00:34:00,1.34133E-08,5.5516E-09
2020-01-27 00:35:00,1.36367E-08,6.25893E-09
2020-01-27 00:36:00,1.45207E-08,7.45707E-09
2020-01-27 00:37:00,1.44574E-08,6.19326E-09
2020-01-27 00:38:00,1.32296E-08,6.09853E-09
2020-01-27 00:39:00,1.45988E-08,6.57154E-09
2020-01-27 00:40:00,1.5846E-08,4.73086E-09
2020-01-27 00:41:00,1.48106E-08,5.36173E-09
2020-01-27 00:42:00,1.44103E-08,4.36319E-09
2020-01-27 00:43:00,1.50109E-08,6.34959E-09
2020-01-27 00:44:00,1.42907E-08,6.47607E-09
2020-01-27 00:45:00,1.75618E-08,8.82579E-09
2020-01-27 00:46:00,1.88786E-08,7.58018E-09
2020-01-27 00:47:00,1.92861E-08,5.75601E-09
2020-01-27 00:48:00,1.77717E-08,6.03503E-09
2020-01-27 00:49:00,1.63465E-08,5.9718E-09
2020-01-27 00:50:00,1.70998E-08,5.13531E-09
2020-01-27 00:51:00,1.67462E-08,5.77264E-09
2020-01-27 00:52:00,1.83334E-08,5.8541E-09
2020-01-27 00:53:00,1.90143E-08,6.65871E-09
2020-01-27 00:54:00,1.75729E-08,5.79596E-09
2020-01-27 00:55:00,1.79952E-08,6.03459E-09
2020-01-27 00:56:00,1.78451E-08,5.3035E-09
2020-01-27 00:57:00,1.73718E-08,5.92281E-09
2020-01-27 00:58:00,1.85578E-08,5.6165E-09
2020-01-27 00:59:00,1.82345E-08,6.21323E-09
2020-01-27 01:00:00,1.85796E-08,6.37285E-09
2020-01-27 01:01:00,1.68236E-08,5.83776E-09
2020-01-27 01:02:00,1.8996E-08,6.69675E-09
2020-01-27 01:03:00,1.88237E-08,5.38191E-09
2020-01-27 01:04:00,1.84654E-08,3.93102E-09
2020-01-27 01:05:00,1.88112E-08,5.41946E-09
2020-01-27 01:06:00,2.17115E-08,5.68257E-09
2020-01-27 01:07:00,2.01501E-08,5.87489E-09
2020-01-27 01:08:00,1.96322E-08,5.72683E-09
2020-01-27 01:09:00,1.96337E-08,5.62017E-09
2020-01-27 01:10:00,2.15478E-08,6.23402E-09
2020-01-27 01:11:00,2.15521E-08,6.41681E-09
2020-01-27 01:12:00,2.12332E-08,4.79762E-09
2020-01-27 01:13:00,2.21871E-08,5.60947E-09
2020-01-27 01:14:00,2.08758E-08,6.68012E-09
2020-01-27 01:15:00,2.13609E-08,7.34212E-09
2020-01-27 01:16:00,2.14395E-08,6.02111E-09
2020-01-27 01:17:00,1.99088E-08,6.53714E-09
2020-01-27 01:18:00,2.02149E-08,6.68741E-09
2020-01-27 01:19:00,2.09503E-08,6.15492E-09
2020-01-27 01:20:00,2.09822E-08,6.92172E-09
2020-01-27 01:21:00,2.04455E-08,7.03146E-09
2020-01-27 01:22:00,1.90983E-08,5.55591E-09
2020-01-27 01:23:00,1.91778E-08,5.57244E-09
2020-01-27 01:24:00,1.90738E-08,5.87972E-09
2020-01-27 01:25:00,1.92351E-08,6.28273E-09
2020-01-27 01:26:00,1.92924E-08,7.96965E-09
2020-01-27 01:27:00,1.98369E-08,7.65967E-09
2020-01-27 01:28:00,1.91071E-08,7.17169E-09
2020-01-27 01:29:00,1.9265E-08,5.59094E-09
2020-01-27 01:30:00,1.82721E-08,6.95938E-09
2020-01-27 01:31:00,1.99439E-08,5.90353E-09
2020-01-27 01:32:00,1.83304E-08,6.04433E-09
2020-01-27 01:33:00,1.97505E-08,6.32319E-09
2020-01-27 01:34:00,1.96184E-08,5.7717E-09
2020-01-27 01:35:00,2.10844E-08,6.7519E-09
2020-01-27 01:36:00,2.0413E-08,7.6531E-09
2020-01-27 01:37:00,2.06529E-08,8.14419E-09
2020-01-27 01:38:00,2.1769E-08,7.39369E-09
2020-01-27 01:39:00,2.31376E-08,7.17162E-09
2020-01-27 01:40:00,2.13679E-08,6.20582E-09
2020-01-27 01:41:00,2.05485E-08,6.81735E-09
2020-01-27 01:42:00,2.00337E-08,5.85083E-09
2020-01-27 01:43:00,1.95633E-08,6.95455E-09
2020-01-27 01:44:00,2.32729E-08,6.30691E-09
2020-01-27 01:45:00,2.23271E-08,6.31136E-09
2020-01-27 01:46:00,2.16496E-08,6.15447E-09
2020-01-27 01:47:00,2.22774E-08,5.85011E-09
2020-01-27 01:48:00,2.17711E-08,5.15008E-09
2020-01-27 01:49:00,2.3765E-08,5.79225E-09
2020-01-27 01:50:00,2.21316E-08,5.74056E-09
2020-01-27 01:51:00,2.21923E-08,7.10066E-09
2020-01-27 01:52:00,2.0487E-08,6.03302E-09
2020-01-27 01:53:00,2.10687E-08,7.81405E-09
2020-01-27 01:54:00,2.17172E-08,7.47964E-09
2020-01-27 01:55:00,2.17637E-08,6.46734E-09
2020-01-27 01:56:00,2.2122E-08,5.15237E-09
2020-01-27 01:57:00,2.3237E-08,5.85285E-09
2020-01-27 01:58:00,2.18382E-08,5.3998E-09
2020-01-27 01:59:00,2.30924E-08,5.96379E-09
2020-01-27 02:00:00,2.29297E-08,4.86935E-09
2020-01-27 02:01:00,2.10259E-08,5.47882E-09
2020-01-27 02:02:00,2.17925E-08,5.95105E-09
2020-01-27 02:03:00,2.21897E-08,6.17861E-09
2020-01-27 02:04:00,2.26915E-08,5.2396E-09
2020-01-27 02:05:00,2.32965E-08,5.49432E-09
2020-01-27 02:06:00,2.34166E-08,4.79957E-09
2020-01-27 02:07:00,2.22473E-08,5.02743E-09
2020-01-27 02:08:00,2.4169E-08,5.43127E-09
2020-01-27 02:09:00,2.29722E-08,4.944E-09
2020-01-27 02:10:00,2.39162E-08,4.42434E-09
2020-01-27 02:11:00,2.51844E-08,6.52453E-09
2020-01-27 02:12:00,2.49237E-08,5.84165E-09
2020-01-27 02:13:00,2.44963E-08,6.00573E-09
2020-01-27 02:14:00,2.42115E-08,5.71055E-09
2020-01-27 02:15:00,2.44495E-08,5.49933E-09
2020-01-27 02:16:00,2.50198E-08,6.73255E-09
2020-01-27 02:17:00,2.75505E-08,6.49213E-09
2020-01-27 02:18:00,2.61677E-08,5.27787E-09
2020-01-27 02:19:00,2.57979E-08,8.05139E-09
2020-01-27 02:20:00,2.48364E-08,6.91041E-09
2020-01-27 02:21:00,2.58006E-08,6.26362E-09
2020-01-27 02:22:00,2.28897E-08,6.15718E-09
2020-01-27 02:23:00,2.32982E-08,5.25949E-09
2020-01-27 02:24:00,2.39283E-08,5.41697E-09
2020-01-27 02:25:00,2.36102E-08,5.75029E-09
2020-01-27 02:26:00,2.44538E-08,5.97757E-09
2020-01-27 02:27:00,2.23201E-08,5.32386E-09
2020-01-27 02:28:00,2.19656E-08,5.48137E-09
2020-01-27 02:29:00,2.26618E-08,5.75463E-09
2020-01-27 02:30:00,2.22681E-08,5.42157E-09
2020-01-27 02:31:00,2.15598E-08,6.21855E-09
2020-01-27 02:32:00,2.13234E-08,6.14436E-09
2020-01-27 02:33:00,2.15772E-08,6.49793E-09
2020-01-27 02:34:00,2.01369E-08,5.558E-09
2020-01-27 02:35:00,2.03573E-08,4.05768E-09
2020-01-27 02:36:00,2.51827E-08,5.99712E-09
2020-01-27 02:37:00,2.59626E-08,5.06978E-09
2020-01-27 02:38:00,2.33036E-08,5.1105E-09
2020-01-27 02:39:00,2.16082E-08,4.16534E-09
2020-01-27 02:40:00,2.09679E-08,6.98915E-09
2020-01-27 02:41:00,1.84491E-08,6.52841E-09
2020-01-27 02:42:00,1.90443E-08,5.63105E-09
2020-01-27 02:43:00,1.92861E-08,4.89793E-09
2020-01-27 02:44:00,1.79836E-08,4.96338E-09
2020-01-27 02:45:00,2.07814E-08,4.8063E-09
2020-01-27 02:46:00,1.74873E-08,4.71553E-09
2020-01-27 02:47:00,1.61809E-08,4.16985E-09
2020-01-27 02:48:00,1.69371E-08,5.39909E-09
2020-01-27 02:49:00,1.678E-08,3.93022E-09
2020-01-27 02:50:00,1.79981E-08,4.4518E-09
2020-01-27 02:51:00,1.83726E-08,4.2888E-09
2020-01-27 02:52:00,1.87182E-08,4.32472E-09
2020-01-27 02:53:00,1.71559E-08,5.78599E-09
2020-01-27 02:54:00,1.72615E-08,4.95782E-09
2020-01-27 02:55:00,1.74224E-08,4.45547E-09
2020-01-27 02:56:00,1.99828E-08,5.2394E-09
2020-01-27 02:57:00,1.97455E-08,5.15446E-09
2020-01-27 02:58:00,2.05233E-08,5.45021E-09
2020-01-27 02:59:00,1.84685E-08,4.19016E-09
2020-01-27 03:00:00,1.82258E-08,4.78299E-09
2020-01-27 03:01:00,1.89033E-08,5.112E-09
2020-01-27 03:02:00,2.04872E-08,7.39133E-09
2020-01-27 03:03:00,1.81282E-08,7.8816E-09
2020-01-27 03:04:00,1.8846E-08,7.29889E-09
2020-01-27 03:05:00,1.68783E-08,7.30921E-09
2020-01-27 03:06:00,1.82283E-08,7.26529E-09
2020-01-27 03:07:00,1.85991E-08,5.6084E-09
2020-01-27 03:08:00,1.83825E-08,5.24784E-09
2020-01-27 03:09:00,1.83074E-08,4.37732E-09
2020-01-27 03:10:00,1.68679E-08,4.37882E-09
2020-01-27 03:11:00,1.56237E-08,4.46882E-09
2020-01-27 03:12:00,1.54176E-08,5.16089E-09
2020-01-27 03:13:00,1.54676E-08,5.38303E-09
2020-01-27 03:14:00,1.60005E-08,4.8289E-09
2020-01-27 03:15:00,1.68307E-08,6.35477E-09
2020-01-27 03:16:00,1.39849E-08,6.41882E-09
2020-01-27 03:17:00,1.5142E-08,4.8605E-09
2020-01-27 03:18:00,1.79698E-08,4.55973E-09
2020-01-27 03:19:00,1.63969E-08,5.28463E-09
2020-01-27 03:20:00,1.71027E-08,5.82972E-09
2020-01-27 03:21:00,1.60558E-08,4.77874E-09
2020-01-27 03:22:00,1.61278E-08,6.21615E-09
2020-01-27 03:23:00,1.47249E-08,5.90867E-09
2020-01-27 03:24:00,1.55836E-08,4.42306E-09
2020-01-27 03:25:00,1.56989E-08,4.62268E-09
2020-01-27 03:26:00,1.61307E-08,5.37383E-09
2020-01-27 03:27:00,1.5712E-08,4.20237E-09
2020-01-27 03:28:00,1.47059E-08,4.44133E-09
2020-01-27 03:29:00,1.57498E-08,4.881E-09
2020-01-27 03:30:00,1.44582E-08,4.22613E-09
2020-01-27 03:31:00,1.54996E-08,3.44577E-09
2020-01-27 03:32:00,1.6209E-08,4.08865E-09
2020-01-27 03:33:00,1.41133E-08,5.60108E-09
2020-01-27 03:34:00,1.5271E-08,4.82652E-09
2020-01-27 03:35:00,1.44992E-08,6.23849E-09
2020-01-27 03:36:00,1.57422E-08,4.66106E-09
2020-01-27 03:37:00,1.60909E-08,4.83584E-09
2020-01-27 03:38:00,1.61534E-08,4.61056E-09
2020-01-27 03:39:00,1.53204E-08,5.59884E-09
2020-01-27 03:40:00,1.61936E-08,4.67914E-09
2020-01-27 03:41:00,1.52728E-08,6.29903E-09
2020-01-27 03:42:00,1.79101E-08,5.41988E-09
2020-01-27 03:43:00,1.58085E-08,4.5417E-09
2020-01-27 03:44:00,1.68415E-08,4.15235E-09
2020-01-27 03:45:00,1.50491E-08,4.49302E-09
2020-01-27 03:46:00,1.60107E-08,4.1443E-09
2020-01-27 03:47:00,1.61555E-08,3.06638E-09
2020-01-27 03:48:00,1.61965E-08,4.42853E-09
2020-01-27 03:49:00,1.73309E-08,4.38631E-09
2020-01-27 03:50:00,1.65365E-08,4.32528E-09
2020-01-27 03:51:00,1.50832E-08,4.07257E-09
2020-01-27 03:52:00,1.57188E-08,4.30563E-09
2020-01-27 03:53:00,1.4909E-08,3.70177E-09
2020-01-27 03:54:00,1.53461E-08,4.42513E-09
2020-01-27 03:55:00,1.41236E-08,4.25005E-09
2020-01-27 03:56:00,1.57653E-08,4.96695E-09
2020-01-27 03:57:00,1.5365E-08,5.2037E-09
2020-01-27 03:58:00,1.34156E-08,4.4417E-09
2020-01-27 03:59:00,1.55097E-08,4.92303E-09
2020-01-27 04:00:00,1.39841E-08,4.43291E-09
2020-01-27 04:01:00,1.21737E-08,4.43833E-09
2020-01-27 04:02:00,1.33567E-08,3.67771E-09
2020-01-27 04:03:00,1.30444E-08,5.79804E-09
2020-01-27 04:04:00,1.27655E-08,4.54831E-09
2020-01-27 04:05:00,1.32591E-08,5.0775E-09
2020-01-27 04:06:00,1.36491E-08,4.90924E-09
2020-01-27 04:07:00,1.25477E-08,4.92083E-09
2020-01-27 04:08:00,1.3618E-08,6.61295E-09
2020-01-27 04:09:00,1.33629E-08,7.44019E-09
2020-01-27 04:10:00,1.25371E-08,6.4395E-09
2020-01-27 04:11:00,1.36834E-08,5.50853E-09
2020-01-27 04:12:00,1.21052E-08,4.12184E-09
2020-01-27 04:13:00,1.30923E-08,3.77838E-09
2020-01-27 04:14:00,1.20555E-08,4.00796E-09
2020-01-27 04:15:00,1.37614E-08,4.86238E-09
2020-01-27 04:16:00,1.4448E-08,4.3979E-09
2020-01-27 04:17:00,1.56959E-08,3.26886E-09
2020-01-27 04:18:00,1.42015E-08,7.04201E-09
2020-01-27 04:19:00,1.39346E-08,5.72676E-09
2020-01-27 04:20:00,1.36668E-08,5.28052E-09
2020-01-27 04:21:00,1.36027E-08,5.92282E-09
2020-01-27 04:22:00,1.4545E-08,5.27184E-09
2020-01-27 04:23:00,1.51754E-08,5.60744E-09
2020-01-27 04:24:00,1.41575E-08,4.335E-09
2020-01-27 04:25:00,1.52938E-08,5.86648E-09
2020-01-27 04:26:00,1.57226E-08,4.36279E-09
2020-01-27 04:27:00,1.52895E-08,4.62588E-09
2020-01-27 04:28:00,1.56562E-08,4.87067E-09
2020-01-27 04:29:00,1.48991E-08,6.9231E-09
2020-01-27 04:30:00,1.61522E-08,5.79612E-09
2020-01-27 04:31:00,1.50233E-08,4.43171E-09
2020-01-27 04:32:00,1.62336E-08,6.03039E-09
2020-01-27 04:33:00,1.53448E-08,5.33642E-09
2020-01-27 04:34:00,1.54753E-08,5.41706E-09
2020-01-27 04:35:00,1.43265E-08,4.6258E-09
2020-01-27 04:36:00,1.46636E-08,6.63024E-09
2020-01-27 04:37:00,1.54101E-08,5.39015E-09
2020-01-27 04:38:00,1.63057E-08,4.85631E-09
2020-01-27 04:39:00,1.6336E-08,5.5851E-09
2020-01-27 04:40:00,1.65611E-08,6.00243E-09
2020-01-27 04:41:00,1.62625E-08,4.94351E-09
2020-01-27 04:42:00,1.49446E-08,5.23251E-09
2020-01-27 04:43:00,1.57308E-08,6.51706E-09
2020-01-27 04:44:00,1.49508E-08,4.76825E-09
2020-01-27 04:45:00,1.52868E-08,5.57869E-09
2020-01-27 04:46:00,1.55362E-08,6.29493E-09
2020-01-27 04:47:00,1.57734E-08,5.49657E-09
2020-01-27 04:48:00,1.6441E-08,4.70425E-09
2020-01-27 04:49:00,1.41078E-08,5.61427E-09
2020-01-27 04:50:00,1.60289E-08,5.96928E-09
2020-01-27 04:51:00,1.68629E-08,5.44842E-09
2020-01-27 04:52:00,1.51634E-08,5.61398E-09
2020-01-27 04:53:00,1.54893E-08,5.57008E-09
2020-01-27 04:54:00,1.52492E-08,7.94268E-09
2020-01-27 04:55:00,1.3408E-08,5.54237E-09
2020-01-27 04:56:00,1.49836E-08,5.78461E-09
2020-01-27 04:57:00,1.75172E-08,5.83503E-09
2020-01-27 04:58:00,1.81234E-08,4.714E-09
2020-01-27 04:59:00,1.9415E-08,5.10229E-09
2020-01-27 05:00:00,1.86257E-08,5.5262E-09
2020-01-27 05:01:00,1.98893E-08,5.78338E-09
2020-01-27 05:02:00,1.98631E-08,4.85214E-09
2020-01-27 05:03:00,1.93231E-08,6.74413E-09
2020-01-27 05:04:00,1.72879E-08,6.42652E-09
2020-01-27 05:05:00,1.69855E-08,6.10578E-09
2020-01-27 05:06:00,1.87714E-08,6.18096E-09
2020-01-27 05:07:00,1.46648E-08,5.97539E-09
2020-01-27 05:08:00,1.49324E-08,5.57685E-09
2020-01-27 05:09:00,1.65245E-08,7.39874E-09
2020-01-27 05:10:00,1.65909E-08,5.81196E-09
2020-01-27 05:11:00,1.55976E-08,4.82026E-09
2020-01-27 05:12:00,1.39179E-08,4.61892E-09
2020-01-27 05:13:00,1.37973E-08,5.20148E-09
2020-01-27 05:14:00,1.57224E-08,6.7969E-09
2020-01-27 05:15:00,1.42819E-08,6.4318E-09
2020-01-27 05:16:00,1.39069E-08,5.78688E-09
2020-01-27 05:17:00,1.55477E-08,4.70116E-09
2020-01-27 05:18:00,1.49461E-08,6.31036E-09
2020-01-27 05:19:00,1.42085E-08,5.44167E-09
2020-01-27 05:20:00,1.63067E-08,5.71166E-09
2020-01-27 05:21:00,1.69516E-08,5.54118E-09
2020-01-27 05:22:00,1.57798E-08,6.01493E-09
2020-01-27 05:23:00,1.56428E-08,5.9902E-09
2020-01-27 05:24:00,1.60314E-08,5.69251E-09
2020-01-27 05:25:00,1.56482E-08,5.95309E-09
2020-01-27 05:26:00,1.6509E-08,5.98426E-09
2020-01-27 05:27:00,1.62874E-08,5.72588E-09
2020-01-27 05:28:00,1.78577E-08,6.15962E-09
2020-01-27 05:29:00,1.9416E-08,5.26236E-09
2020-01-27 05:30:00,1.83917E-08,5.45124E-09
2020-01-27 05:31:00,1.86223E-08,7.46082E-09
2020-01-27 05:32:00,1.82571E-08,7.03471E-09
2020-01-27 05:33:00,1.83492E-08,7.74238E-09
2020-01-27 05:34:00,1.8725E-08,6.23837E-09
2020-01-27 05:35:00,1.74875E-08,5.93358E-09
2020-01-27 05:36:00,1.83704E-08,6.82433E-09
2020-01-27 05:37:00,1.97062E-08,7.76747E-09
2020-01-27 05:38:00,1.86044E-08,6.58882E-09
2020-01-27 05:39:00,1.98753E-08,6.04209E-09
2020-01-27 05:40:00,1.80863E-08,7.5964E-09
2020-01-27 05:41:00,1.79652E-08,6.13176E-09
2020-01-27 05:42:00,1.86135E-08,6.60407E-09
2020-01-27 05:43:00,1.83364E-08,6.28796E-09
2020-01-27 05:44:00,1.62801E-08,6.30977E-09
2020-01-27 05:45:00,1.73837E-08,6.07382E-09
2020-01-27 05:46:00,1.84981E-08,6.15182E-09
2020-01-27 05:47:00,1.74841E-08,5.02531E-09
2020-01-27 05:48:00,1.60322E-08,5.6608E-09
2020-01-27 05:49:00,1.51775E-08,6.38699E-09
2020-01-27 05:50:00,1.55774E-08,7.06803E-09
2020-01-27 05:51:00,1.55416E-08,6.29651E-09
2020-01-27 05:52:00,1.59955E-08,6.96912E-09
2020-01-27 05:53:00,1.80364E-08,6.42715E-09
2020-01-27 05:54:00,1.54008E-08,8.11479E-09
2020-01-27 05:55:00,1.4122E-08,6.78288E-09
2020-01-27 05:56:00,1.48774E-08,7.41747E-09
2020-01-27 05:57:00,1.50181E-08,7.70035E-09
2020-01-27 05:58:00,1.53705E-08,8.64488E-09
2020-01-27 05:59:00,1.5715E-08,6.25955E-09
2020-01-27 06:00:00,1.49859E-08,5.29629E-09
2020-01-27 06:01:00,1.69797E-08,6.70788E-09
2020-01-27 06:02:00,1.49114E-08,6.72222E-09
2020-01-27 06:03:00,1.60129E-08,6.97706E-09
2020-01-27 06:04:00,1.54956E-08,6.79707E-09
2020-01-27 06:05:00,1.72211E-08,5.66432E-09
2020-01-27 06:06:00,1.6548E-08,6.91146E-09
2020-01-27 06:07:00,1.87995E-08,6.99504E-09
2020-01-27 06:08:00,1.75745E-08,7.19414E-09
2020-01-27 06:09:00,1.83938E-08,6.15138E-09
2020-01-27 06:10:00,1.98866E-08,7.01025E-09
2020-01-27 06:11:00,2.09542E-08,5.18195E-09
2020-01-27 06:12:00,2.03848E-08,6.03298E-09
2020-01-27 06:13:00,2.10717E-08,5.82637E-09
2020-01-27 06:14:00,1.95206E-08,5.22646E-09
2020-01-27 06:15:00,1.80245E-08,5.34072E-09
2020-01-27 06:16:00,1.86722E-08,5.01746E-09
2020-01-27 06:17:00,1.64244E-08,5.51732E-09
2020-01-27 06:18:00,1.78733E-08,6.57955E-09
2020-01-27 06:19:00,2.08217E-08,6.36244E-09
2020-01-27 06:20:00,2.29926E-08,6.56782E-09
2020-01-27 06:21:00,2.12953E-08,6.37849E-09
2020-01-27 06:22:00,1.8514E-08,5.40028E-09
2020-01-27 06:23:00,1.84725E-08,8.00477E-09
2020-01-27 06:24:00,1.78917E-08,8.0401E-09
2020-01-27 06:25:00,1.71382E-08,7.70899E-09
2020-01-27 06:26:00,1.69056E-08,8.59721E-09
2020-01-27 06:27:00,1.69367E-08,7.44415E-09
2020-01-27 06:28:00,1.75835E-08,7.93069E-09
2020-01-27 06:29:00,1.96876E-08,7.79895E-09
2020-01-27 06:30:00,2.08558E-08,7.11929E-09
2020-01-27 06:31:00,2.19721E-08,8.6448E-09
2020-01-27 06:32:00,2.3982E-08,6.2437E-09
2020-01-27 06:33:00,2.37249E-08,7.33898E-09
2020-01-27 06:34:00,2.38461E-08,5.93968E-09
2020-01-27 06:35:00,2.34969E-08,7.40066E-09
2020-01-27 06:36:00,2.2643E-08,7.22398E-09
2020-01-27 06:37:00,2.02724E-08,7.63425E-09
2020-01-27 06:38:00,2.13274E-08,6.75395E-09
2020-01-27 06:39:00,2.20234E-08,6.42805E-09
2020-01-27 06:40:00,2.02749E-08,6.87485E-09
2020-01-27 06:41:00,1.88078E-08,6.31181E-09
2020-01-27 06:42:00,1.88816E-08,5.23334E-09
2020-01-27 06:43:00,1.76039E-08,6.3075E-09
2020-01-27 06:44:00,1.81983E-08,5.21314E-09
2020-01-27 06:45:00,1.6513E-08,4.96407E-09
2020-01-27 06:46:00,1.7485E-08,6.27254E-09
2020-01-27 06:47:00,1.70998E-08,7.45249E-09
2020-01-27 06:48:00,1.86851E-08,9.01964E-09
2020-01-27 06:49:00,1.95784E-08,7.05584E-09
2020-01-27 06:50:00,1.87374E-08,7.57679E-09
2020-01-27 06:51:00,1.72496E-08,7.10486E-09
2020-01-27 06:52:00,1.9018E-08,7.09345E-09
2020-01-27 06:53:00,1.82395E-08,7.62146E-09
2020-01-27 06:54:00,1.82891E-08,7.03218E-09
2020-01-27 06:55:00,1.87642E-08,7.36048E-09
2020-01-27 06:56:00,1.86994E-08,6.96505E-09
2020-01-27 06:57:00,1.85454E-08,6.1535E-09
2020-01-27 06:58:00,1.70218E-08,7.07806E-09
2020-01-27 06:59:00,1.95038E-08,6.8476E-09
2020-01-27 07:00:00,1.71497E-08,7.90922E-09
2020-01-27 07:01:00,1.69355E-08,9.31786E-09
2020-01-27 07:02:00,1.72765E-08,9.46281E-09
2020-01-27 07:03:00,1.52897E-08,8.66043E-09
2020-01-27 07:04:00,1.50015E-08,6.11205E-09
2020-01-27 07:05:00,1.58654E-08,5.1747E-09
2020-01-27 07:06:00,1.61023E-08,6.03088E-09
2020-01-27 07:07:00,1.50214E-08,6.31748E-09
2020-01-27 07:08:00,1.7083E-08,6.39498E-09
2020-01-27 07:09:00,1.44152E-08,6.38291E-09
2020-01-27 07:10:00,1.64265E-08,7.03785E-09
2020-01-27 07:11:00,1.73402E-08,7.19593E-09
2020-01-27 07:12:00,1.66117E-08,6.57773E-09
2020-01-27 07:13:00,1.46447E-08,7.32361E-09
2020-01-27 07:14:00,1.51029E-08,7.91202E-09
2020-01-27 07:15:00,1.53495E-08,7.64556E-09
2020-01-27 07:16:00,1.5498E-08,6.28551E-09
2020-01-27 07:17:00,1.56485E-08,8.00156E-09
2020-01-27 07:18:00,1.4934E-08,8.40163E-09
2020-01-27 07:19:00,1.54968E-08,8.31127E-09
2020-01-27 07:20:00,1.62902E-08,7.59798E-09
2020-01-27 07:21:00,1.43781E-08,7.69325E-09
2020-01-27 07:22:00,1.60412E-08,7.18009E-09
2020-01-27 07:23:00,1.59729E-08,7.38344E-09
2020-01-27 07:24:00,1.47299E-08,7.81325E-09
2020-01-27 07:25:00,1.57433E-08,7.62051E-09
2020-01-27 07:26:00,1.51431E-08,7.63825E-09
2020-01-27 07:27:00,1.38887E-08,7.85587E-09
2020-01-27 07:28:00,1.49383E-08,8.78024E-09
2020-01-27 07:29:00,1.42117E-08,8.15464E-09
2020-01-27 07:30:00,1.6792E-08,9.49605E-09
2020-01-27 07:31:00,1.47756E-08,7.37119E-09
2020-01-27 07:32:00,1.42943E-08,7.67748E-09
2020-01-27 07:33:00,1.27992E-08,6.71285E-09
2020-01-27 07:34:00,1.24006E-08,7.30707E-09
2020-01-27 07:35:00,1.33997E-08,7.30682E-09
2020-01-27 07:36:00,1.46879E-08,7.84446E-09
2020-01-27 07:37:00,1.40644E-08,9.13911E-09
2020-01-27 07:38:00,1.44617E-08,6.28423E-09
2020-01-27 07:39:00,1.41839E-08,7.43668E-09
2020-01-27 07:40:00,1.67896E-08,7.33144E-09
2020-01-27 07:41:00,1.5886E-08,7.95203E-09
2020-01-27 07:42:00,1.45519E-08,7.11545E-09
2020-01-27 07:43:00,1.52579E-08,7.22718E-09
2020-01-27 07:44:00,1.63948E-08,7.61616E-09
2020-01-27 07:45:00,1.60094E-08,9.05286E-09
2020-01-27 07:46:00,1.45332E-08,8.06795E-09
2020-01-27 07:47:00,1.48751E-08,8.00965E-09
2020-01-27 07:48:00,1.55702E-08,6.90925E-09
2020-01-27 07:49:00,1.52173E-08,6.68471E-09
2020-01-27 07:50:00,1.56479E-08,7.76136E-09
2020-01-27 07:51:00,1.43089E-08,7.72808E-09
2020-01-27 07:52:00,1.58763E-08,7.04557E-09
2020-01-27 07:53:00,1.50464E-08,6.47111E-09
2020-01-27 07:54:00,1.62942E-08,6.32647E-09
2020-01-27 07:55:00,1.80014E-08,6.94192E-09
2020-01-27 07:56:00,1.79573E-08,6.56059E-09
2020-01-27 07:57:00,1.63457E-08,6.88726E-09
2020-01-27 07:58:00,1.66172E-08,6.49515E-09
2020-01-27 07:59:00,1.77017E-08,7.28172E-09
2020-01-27 08:00:00,1.71026E-08,8.49577E-09
2020-01-27 08:01:00,1.63624E-08,6.13361E-09
2020-01-27 08:02:00,1.90088E-08,6.78419E-09
2020-01-27 08:03:00,1.79569E-08,7.50889E-09
2020-01-27 08:04:00,1.74277E-08,8.51401E-09
2020-01-27 08:05:00,1.69878E-08,6.36434E-09
2020-01-27 08:06:00,1.7006E-08,6.7266E-09
2020-01-27 08:07:00,1.71583E-08,7.44969E-09
2020-01-27 08:08:00,1.62648E-08,7.77913E-09
2020-01-27 08:09:00,1.74197E-08,7.0306E-09
2020-01-27 08:10:00,1.53425E-08,9.10711E-09
2020-01-27 08:11:00,1.51071E-08,7.19692E-09
2020-01-27 08:12:00,1.69904E-08,6.21964E-09
2020-01-27 08:13:00,1.57661E-08,6.2112E-09
2020-01-27 08:14:00,1.4792E-08,7.1089E-09
2020-01-27 08:15:00,1.51613E-08,6.72267E-09
2020-01-27 08:16:00,1.6264E-08,7.10086E-09
2020-01-27 08:17:00,1.60606E-08,7.28156E-09
2020-01-27 08:18:00,1.56856E-08,8.32375E-09
2020-01-27 08:19:00,1.31521E-08,8.01218E-09
2020-01-27 08:20:00,1.42251E-08,7.7723E-09
2020-01-27 08:21:00,1.41786E-08,7.46263E-09
2020-01-27 08:22:00,1.57079E-08,7.72132E-09
2020-01-27 08:23:00,1.4437E-08,8.81245E-09
2020-01-27 08:24:00,1.42591E-08,8.23718E-09
2020-01-27 08:25:00,1.24417E-08,7.381E-09
2020-01-27 08:26:00,1.39289E-08,7.99154E-09
2020-01-27 08:27:00,1.47377E-08,8.77931E-09
2020-01-27 08:28:00,1.25996E-08,7.83759E-09
2020-01-27 08:29:00,1.49026E-08,8.29453E-09
2020-01-27 08:30:00,1.32089E-08,8.55047E-09
2020-01-27 08:31:00,1.30971E-08,7.59794E-09
2020-01-27 08:32:00,1.37984E-08,8.05336E-09
2020-01-27 08:33:00,1.47778E-08,8.04092E-09
2020-01-27 08:34:00,1.41186E-08,7.77585E-09
2020-01-27 08:35:00,1.43466E-08,7.08345E-09
2020-01-27 08:36:00,1.37879E-08,8.91581E-09
2020-01-27 08:37:00,1.49826E-08,9.09766E-09
2020-01-27 08:38:00,1.38401E-08,7.8665E-09
2020-01-27 08:39:00,1.44025E-08,7.75948E-09
2020-01-27 08:40:00,1.42444E-08,8.1117E-09
2020-01-27 08:41:00,1.3112E-08,7.10431E-09
2020-01-27 08:42:00,1.67514E-08,7.05987E-09
2020-01-27 08:43:00,1.46507E-08,7.71535E-09
2020-01-27 08:44:00,1.40357E-08,6.23315E-09
2020-01-27 08:45:00,1.38305E-08,9.03153E-09
2020-01-27 08:46:00,1.33363E-08,7.99229E-09
2020-01-27 08:47:00,1.29228E-08,8.21713E-09
2020-01-27 08:48:00,1.40661E-08,8.05172E-09
2020-01-27 08:49:00,1.47229E-08,8.5231E-09
2020-01-27 08:50:00,1.38482E-08,7.51397E-09
2020-01-27 08:51:00,1.40906E-08,8.17397E-09
2020-01-27 08:52:00,1.36581E-08,9.78109E-09
2020-01-27 08:53:00,1.4183E-08,8.5105E-09
2020-01-27 08:54:00,1.43627E-08,9.18158E-09
2020-01-27 08:55:00,1.39886E-08,8.76823E-09
2020-01-27 08:56:00,1.35533E-08,7.8761E-09
2020-01-27 08:57:00,1.25911E-08,6.77415E-09
2020-01-27 08:58:00,1.24947E-08,7.29378E-09
2020-01-27 08:59:00,1.30722E-08,7.63083E-09
2020-01-27 09:00:00,1.33177E-08,6.7803E-09
2020-01-27 09:01:00,1.04568E-08,7.19421E-09
2020-01-27 09:02:00,1.08855E-08,7.9558E-09
2020-01-27 09:03:00,9.40029E-09,6.32639E-09
2020-01-27 09:04:00,9.74403E-09,7.48771E-09
2020-01-27 09:05:00,1.21388E-08,6.85389E-09
2020-01-27 09:06:00,1.00951E-08,8.76591E-09
2020-01-27 09:07:00,1.23762E-08,7.83716E-09
2020-01-27 09:08:00,1.42932E-08,8.87099E-09
2020-01-27 09:09:00,1.33727E-08,7.74999E-09
2020-01-27 09:10:00,1.25162E-08,8.32409E-09
2020-01-27 09:11:00,1.27966E-08,8.15979E-09
2020-01-27 09:12:00,1.33114E-08,7.71309E-09
2020-01-27 09:13:00,1.17272E-08,7.59209E-09
2020-01-27 09:14:00,1.32834E-08,6.79945E-09
2020-01-27 09:15:00,1.24941E-08,7.50341E-09
2020-01-27 09:16:00,1.26281E-08,7.01291E-09
2020-01-27 09:17:00,1.36561E-08,8.5631E-09
2020-01-27 09:18:00,1.46219E-08,8.9197E-09
2020-01-27 09:19:00,1.46127E-08,8.69962E-09
2020-01-27 09:20:00,1.47454E-08,6.77523E-09
2020-01-27 09:21:00,1.26061E-08,8.19264E-09
2020-01-27 09:22:00,1.37747E-08,7.00351E-09
2020-01-27 09:23:00,1.40327E-08,6.73971E-09
2020-01-27 09:24:00,1.37307E-08,8.18592E-09
2020-01-27 09:25:00,1.16956E-08,8.95042E-09
2020-01-27 09:26:00,1.33561E-08,8.17847E-09
2020-01-27 09:27:00,1.40009E-08,8.20215E-09
2020-01-27 09:28:00,1.28065E-08,9.59519E-09
2020-01-27 09:29:00,1.25437E-08,9.77325E-09
2020-01-27 09:30:00,1.3437E-08,1.01539E-08
2020-01-27 09:31:00,1.20952E-08,8.41185E-09
2020-01-27 09:32:00,1.22135E-08,7.49476E-09
2020-01-27 09:33:00,1.1075E-08,8.09453E-09
2020-01-27 09:34:00,1.24556E-08,7.07743E-09
2020-01-27 09:35:00,1.42703E-08,7.74607E-09
2020-01-27 09:36:00,1.38235E-08,7.77427E-09
2020-01-27 09:37:00,1.23875E-08,8.65437E-09
2020-01-27 09:38:00,1.24099E-08,8.13153E-09
2020-01-27 09:39:00,1.31913E-08,7.59691E-09
2020-01-27 09:40:00,1.37906E-08,8.51709E-09
2020-01-27 09:41:00,1.34958E-08,7.44709E-09
2020-01-27 09:42:00,1.25814E-08,7.5653E-09
2020-01-27 09:43:00,1.29413E-08,9.06724E-09
2020-01-27 09:44:00,1.2779E-08,7.32543E-09
2020-01-27 09:45:00,1.29959E-08,8.26722E-09
2020-01-27 09:46:00,1.27561E-08,8.00013E-09
2020-01-27 09:47:00,1.36566E-08,9.04455E-09
2020-01-27 09:48:00,1.3505E-08,8.94337E-09
2020-01-27 09:49:00,1.48678E-08,8.06045E-09
2020-01-27 09:50:00,1.50462E-08,7.73396E-09
2020-01-27 09:51:00,1.57188E-08,7.96554E-09
2020-01-27 09:52:00,1.53966E-08,9.33553E-09
2020-01-27 09:53:00,1.52633E-08,8.3648E-09
2020-01-27 09:54:00,1.42591E-08,9.34839E-09
2020-01-27 09:55:00,1.47601E-08,8.26963E-09
2020-01-27 09:56:00,1.64101E-08,7.08399E-09
2020-01-27 09:57:00,1.52433E-08,7.98509E-09
2020-01-27 09:58:00,1.53909E-08,9.13954E-09
2020-01-27 09:59:00,1.36177E-08,8.77538E-09
2020-01-27 10:00:00,1.46031E-08,9.22698E-09
2020-01-27 10:01:00,1.60288E-08,7.46904E-09
2020-01-27 10:02:00,1.59175E-08,8.86576E-09
2020-01-27 10:03:00,1.66717E-08,8.56059E-09
2020-01-27 10:04:00,1.54327E-08,9.02818E-09
2020-01-27 10:05:00,1.38412E-08,9.49719E-09
2020-01-27 10:06:00,1.34176E-08,8.69349E-09
2020-01-27 10:07:00,1.48117E-08,9.09595E-09
2020-01-27 10:08:00,1.66753E-08,8.72351E-09
2020-01-27 10:09:00,1.62837E-08,9.31377E-09
2020-01-27 10:10:00,1.62719E-08,7.4973E-09
2020-01-27 10:11:00,1.54116E-08,8.54249E-09
2020-01-27 10:12:00,1.45808E-08,8.15337E-09
2020-01-27 10:13:00,1.33459E-08,8.32384E-09
2020-01-27 10:14:00,1.50365E-08,8.55277E-09
2020-01-27 10:15:00,1.52294E-08,8.22987E-09
2020-01-27 10:16:00,1.31858E-08,8.98334E-09
2020-01-27 10:17:00,1.14701E-08,9.91419E-09
2020-01-27 10:18:00,1.41238E-08,9.15755E-09
2020-01-27 10:19:00,1.66376E-08,8.69192E-09
2020-01-27 10:20:00,1.68776E-08,7.90064E-09
2020-01-27 10:21:00,1.51503E-08,7.41195E-09
2020-01-27 10:22:00,1.78054E-08,7.97835E-09
2020-01-27 10:23:00,1.5103E-08,8.69531E-09
2020-01-27 10:24:00,1.45835E-08,7.8871E-09
2020-01-27 10:25:00,1.49296E-08,7.06523E-09
2020-01-27 10:26:00,1.53981E-08,7.98427E-09
2020-01-27 10:27:00,1.64213E-08,7.51463E-09
2020-01-27 10:28:00,1.61821E-08,6.80747E-09
2020-01-27 10:29:00,1.54195E-08,7.99449E-09
2020-01-27 10:30:00,1.42482E-08,7.91263E-09
2020-01-27 10:31:00,1.65824E-08,7.5526E-09
2020-01-27 10:32:00,1.59888E-08,8.27848E-09
2020-01-27 10:33:00,1.70781E-08,8.80915E-09
2020-01-27 10:34:00,1.46841E-08,9.48326E-09
2020-01-27 10:35:00,1.53572E-08,8.74466E-09
2020-01-27 10:36:00,1.49325E-08,8.32752E-09
2020-01-27 10:37:00,1.58841E-08,9.18729E-09
2020-01-27 10:38:00,1.75287E-08,9.46638E-09
2020-01-27 10:39:00,1.63588E-08,8.51293E-09
2020-01-27 10:40:00,1.65042E-08,8.3897E-09
2020-01-27 10:41:00,1.71885E-08,9.01858E-09
2020-01-27 10:42:00,1.91416E-08,7.58022E-09
2020-01-27 10:43:00,1.82599E-08,7.05255E-09
2020-01-27 10:44:00,1.84621E-08,7.37228E-09
2020-01-27 10:45:00,1.90364E-08,7.69374E-09
2020-01-27 10:46:00,1.83355E-08,8.67691E-09
2020-01-27 10:47:00,1.97529E-08,8.39761E-09
2020-01-27 10:48:00,1.89332E-08,7.68456E-09
2020-01-27 10:49:00,1.76595E-08,8.26376E-09
2020-01-27 10:50:00,1.81598E-08,8.53177E-09
2020-01-27 10:51:00,1.84065E-08,8.03051E-09
2020-01-27 10:52:00,1.91199E-08,7.74219E-09
2020-01-27 10:53:00,1.71675E-08,7.31316E-09
2020-01-27 10:54:00,1.76075E-08,8.22271E-09
2020-01-27 10:55:00,1.70872E-08,8.57123E-09
2020-01-27 10:56:00,1.8904E-08,8.76746E-09
2020-01-27 10:57:00,1.97765E-08,8.61002E-09
2020-01-27 10:58:00,1.88346E-08,8.53408E-09
2020-01-27 10:59:00,2.05733E-08,8.61554E-09
2020-01-27 11:00:00,1.73042E-08,8.77804E-09
2020-01-27 11:01:00,1.97377E-08,8.48254E-09
2020-01-27 11:02:00,2.01009E-08,9.19009E-09
2020-01-27 11:03:00,1.88945E-08,1.03004E-08
2020-01-27 11:04:00,2.04876E-08,8.66738E-09
2020-01-27 11:05:00,2.20988E-08,7.81247E-09
2020-01-27 11:06:00,2.00553E-08,7.99413E-09
2020-01-27 11:07:00,2.057E-08,8.51493E-09
2020-01-27 11:08:00,1.93252E-08,8.0281E-09
2020-01-27 11:09:00,1.84235E-08,8.88214E-09
2020-01-27 11:10:00,1.93668E-08,9.55379E-09
2020-01-27 11:11:00,1.81118E-08,9.35281E-09
2020-01-27 11:12:00,1.84515E-08,1.06966E-08
2020-01-27 11:13:00,1.98399E-08,1.00072E-08
2020-01-27 11:14:00,2.05209E-08,8.84353E-09
2020-01-27 11:15:00,1.90745E-08,8.99705E-09
2020-01-27 11:16:00,2.06273E-08,9.11039E-09
2020-01-27 11:17:00,2.14889E-08,1.11039E-08
2020-01-27 11:18:00,2.59661E-08,9.7627E-09
2020-01-27 11:19:00,2.57608E-08,1.08759E-08
2020-01-27 11:20:00,2.74844E-08,9.72295E-09
2020-01-27 11:21:00,2.68247E-08,9.86517E-09
2020-01-27 11:22:00,2.59688E-08,1.10204E-08
2020-01-27 11:23:00,2.33949E-08,8.6062E-09
2020-01-27 11:24:00,2.41654E-08,9.59125E-09
2020-01-27 11:25:00,2.62974E-08,9.79034E-09
2020-01-27 11:26:00,2.41455E-08,1.01725E-08
2020-01-27 11:27:00,2.53703E-08,8.657E-09
2020-01-27 11:28:00,2.7873E-08,8.00831E-09
2020-01-27 11:29:00,3.21562E-08,8.60914E-09
2020-01-27 11:30:00,2.99158E-08,8.92754E-09
2020-01-27 11:31:00,2.92918E-08,8.3603E-09
2020-01-27 11:32:00,2.95512E-08,8.98103E-09
2020-01-27 11:33:00,2.74415E-08,9.13292E-09
2020-01-27 11:34:00,2.63575E-08,8.69519E-09
2020-01-27 11:35:00,2.6058E-08,8.29824E-09
2020-01-27 11:36:00,2.524E-08,8.38913E-09
2020-01-27 11:37:00,2.56861E-08,7.12025E-09
2020-01-27 11:38:00,2.44475E-08,7.72985E-09
2020-01-27 11:39:00,2.42939E-08,8.53037E-09
2020-01-27 11:40:00,2.38048E-08,8.36665E-09
2020-01-27 11:41:00,2.33592E-08,8.10472E-09
2020-01-27 11:42:00,2.26125E-08,8.28405E-09
2020-01-27 11:43:00,2.23746E-08,8.05094E-09
2020-01-27 11:44:00,2.09835E-08,8.38068E-09
2020-01-27 11:45:00,2.12613E-08,7.66851E-09
2020-01-27 11:46:00,1.89391E-08,8.35663E-09
2020-01-27 11:47:00,2.13952E-08,9.73987E-09
2020-01-27 11:48:00,2.14028E-08,9.12999E-09
2020-01-27 11:49:00,2.02638E-08,9.35517E-09
2020-01-27 11:50:00,1.98984E-08,9.36725E-09
2020-01-27 11:51:00,2.00386E-08,9.09129E-09
2020-01-27 11:52:00,2.01637E-08,1.05034E-08
2020-01-27 11:53:00,2.11316E-08,9.28925E-09
2020-01-27 11:54:00,2.04741E-08,1.05986E-08
2020-01-27 11:55:00,2.03757E-08,1.0559E-08
2020-01-27 11:56:00,2.02193E-08,1.1924E-08
2020-01-27 11:57:00,2.10868E-08,9.96652E-09
2020-01-27 11:58:00,1.97428E-08,1.02596E-08
2020-01-27 11:59:00,2.03166E-08,9.70446E-09
2020-01-27 12:00:00,1.9934E-08,8.03474E-09
2020-01-27 12:01:00,2.3899E-08,9.97976E-09
2020-01-27 12:02:00,2.31102E-08,9.27207E-09
2020-01-27 12:03:00,2.40901E-08,1.09622E-08
2020-01-27 12:04:00,2.51577E-08,8.80777E-09
2020-01-27 12:05:00,2.61866E-08,9.63843E-09
2020-01-27 12:06:00,2.62382E-08,8.64217E-09
2020-01-27 12:07:00,2.76102E-08,1.05698E-08
2020-01-27 12:08:00,2.70216E-08,9.8095E-09
2020-01-27 12:09:00,2.56583E-08,9.56465E-09
2020-01-27 12:10:00,2.51178E-08,1.18364E-08
2020-01-27 12:11:00,2.51826E-08,1.03367E-08
2020-01-27 12:12:00,2.82063E-08,9.77606E-09
2020-01-27 12:13:00,2.85046E-08,1.0092E-08
2020-01-27 12:14:00,2.93869E-08,9.77263E-09
2020-01-27 12:15:00,2.91549E-08,1.01679E-08
2020-01-27 12:16:00,2.70469E-08,9.88778E-09
2020-01-27 12:17:00,2.76635E-08,1.09242E-08
2020-01-27 12:18:00,2.64793E-08,1.03981E-08
2020-01-27 12:19:00,2.50929E-08,1.03124E-08
2020-01-27 12:20:00,2.5509E-08,1.05901E-08
2020-01-27 12:21:00,2.56981E-08,1.08389E-08
2020-01-27 12:22:00,2.74662E-08,9.40049E-09
2020-01-27 12:23:00,2.50684E-08,1.11184E-08
2020-01-27 12:24:00,2.52493E-08,9.51008E-09
2020-01-27 12:25:00,2.79234E-08,9.43485E-09
2020-01-27 12:26:00,2.48902E-08,7.95906E-09
2020-01-27 12:27:00,2.48617E-08,7.14068E-09
2020-01-27 12:28:00,2.37477E-08,9.12955E-09
2020-01-27 12:29:00,2.2084E-08,9.47884E-09
2020-01-27 12:30:00,2.13084E-08,8.18648E-09
2020-01-27 12:31:00,2.05827E-08,1.01605E-08
2020-01-27 12:32:00,2.13277E-08,9.54479E-09
2020-01-27 12:33:00,2.06305E-08,8.69604E-09
2020-01-27 12:34:00,1.99283E-08,9.85106E-09
2020-01-27 12:35:00,2.09553E-08,8.86945E-09
2020-01-27 12:36:00,2.00363E-08,9.08796E-09
2020-01-27 12:37:00,2.07781E-08,9.74798E-09
2020-01-27 12:38:00,1.91156E-08,9.47184E-09
2020-01-27 12:39:00,2.02676E-08,9.29126E-09
2020-01-27 12:40:00,1.87047E-08,9.67498E-09
2020-01-27 12:41:00,1.77837E-08,8.98465E-09
2020-01-27 12:42:00,1.85892E-08,8.29375E-09
2020-01-27 12:43:00,2.03583E-08,9.31973E-09
2020-01-27 12:44:00,1.88361E-08,9.90174E-09
2020-01-27 12:45:00,2.24225E-08,8.887E-09
2020-01-27 12:46:00,2.16342E-08,9.65818E-09
2020-01-27 12:47:00,2.06797E-08,1.04144E-08
2020-01-27 12:48:00,2.00387E-08,1.05936E-08
2020-01-27 12:49:00,1.93395E-08,8.6935E-09
2020-01-27 12:50:00,1.77727E-08,9.9066E-09
2020-01-27 12:51:00,1.83151E-08,9.45002E-09
2020-01-27 12:52:00,1.87846E-08,7.84348E-09
2020-01-27 12:53:00,1.80784E-08,8.57685E-09
2020-01-27 12:54:00,2.03117E-08,9.54785E-09
2020-01-27 12:55:00,1.87614E-08,9.87161E-09
2020-01-27 12:56:00,1.90997E-08,8.75862E-09
2020-01-27 12:57:00,1.82819E-08,7.87877E-09
2020-01-27 12:58:00,1.81092E-08,7.97501E-09
2020-01-27 12:59:00,1.67016E-08,8.35213E-09
2020-01-27 13:00:00,1.76939E-08,8.3179E-09
2020-01-27 13:01:00,1.61084E-08,8.6812E-09
2020-01-27 13:02:00,1.87826E-08,8.52948E-09
2020-01-27 13:03:00,1.88861E-08,7.97891E-09
2020-01-27 13:04:00,1.64981E-08,8.42593E-09
2020-01-27 13:05:00,1.62393E-08,7.98929E-09
2020-01-27 13:06:00,1.82999E-08,7.73956E-09
2020-01-27 13:07:00,1.81323E-08,9.0077E-09
2020-01-27 13:08:00,1.66627E-08,8.13827E-09
2020-01-27 13:09:00,1.93927E-08,7.90009E-09
2020-01-27 13:10:00,2.00048E-08,8.20143E-09
2020-01-27 13:11:00,1.76748E-08,8.12529E-09
2020-01-27 13:12:00,1.77296E-08,8.71328E-09
2020-01-27 13:13:00,1.5468E-08,9.21093E-09
2020-01-27 13:14:00,1.61154E-08,9.39325E-09
2020-01-27 13:15:00,1.65327E-08,9.50682E-09
2020-01-27 13:16:00,1.89357E-08,9.51352E-09
2020-01-27 13:17:00,1.85009E-08,8.43684E-09
2020-01-27 13:18:00,1.79869E-08,7.75866E-09
2020-01-27 13:19:00,1.74239E-08,8.69734E-09
2020-01-27 13:20:00,1.84923E-08,7.65245E-09
2020-01-27 13:21:00,1.93212E-08,7.38514E-09
2020-01-27 13:22:00,2.02124E-08,7.80061E-09
2020-01-27 13:23:00,2.35538E-08,8.71543E-09
2020-01-27 13:24:00,2.50552E-08,7.77768E-09
2020-01-27 13:25:00,2.51968E-08,9.08394E-09
2020-01-27 13:26:00,2.76247E-08,7.56649E-09
2020-01-27 13:27:00,2.74917E-08,1.01366E-08
2020-01-27 13:28:00,2.76654E-08,8.05388E-09
2020-01-27 13:29:00,2.3799E-08,7.61797E-09
2020-01-27 13:30:00,2.39028E-08,7.9227E-09
2020-01-27 13:31:00,2.11983E-08,7.75158E-09
2020-01-27 13:32:00,2.02685E-08,7.13152E-09
2020-01-27 13:33:00,2.26064E-08,7.43981E-09
2020-01-27 13:34:00,2.09239E-08,7.49417E-09
2020-01-27 13:35:00,2.02554E-08,7.63073E-09
2020-01-27 13:36:00,2.2405E-08,8.45716E-09
2020-01-27 13:37:00,2.18373E-08,8.33112E-09
2020-01-27 13:38:00,2.10536E-08,8.91728E-09
2020-01-27 13:39:00,1.98407E-08,7.15414E-09
2020-01-27 13:40:00,1.96678E-08,7.64707E-09
2020-01-27 13:41:00,2.07916E-08,7.50426E-09
2020-01-27 13:42:00,1.94952E-08,7.97035E-09
2020-01-27 13:43:00,1.88356E-08,7.74357E-09
2020-01-27 13:44:00,1.891E-08,8.70207E-09
2020-01-27 13:45:00,1.91071E-08,9.2951E-09
2020-01-27 13:46:00,1.82728E-08,8.5728E-09
2020-01-27 13:47:00,1.82758E-08,8.15088E-09
2020-01-27 13:48:00,1.7169E-08,8.7051E-09
2020-01-27 13:49:00,1.60161E-08,8.94786E-09
2020-01-27 13:50:00,1.57313E-08,9.12085E-09
2020-01-27 13:51:00,1.73301E-08,9.77643E-09
2020-01-27 13:52:00,1.86044E-08,9.79301E-09
2020-01-27 13:53:00,1.74161E-08,9.33981E-09
2020-01-27 13:54:00,1.69899E-08,1.03944E-08
2020-01-27 13:55:00,1.55633E-08,9.66974E-09
2020-01-27 13:56:00,1.74658E-08,9.7121E-09
2020-01-27 13:57:00,1.57582E-08,9.75168E-09
2020-01-27 13:58:00,1.41485E-08,8.21274E-09
2020-01-27 13:59:00,1.62557E-08,8.62824E-09
2020-01-27 14:00:00,1.63716E-08,9.725E-09
2020-01-27 14:01:00,1.49079E-08,9.68973E-09
2020-01-27 14:02:00,1.56454E-08,7.42838E-09
2020-01-27 14:03:00,1.49645E-08,8.32066E-09
2020-01-27 14:04:00,1.58699E-08,8.08208E-09
2020-01-27 14:05:00,1.59012E-08,8.62457E-09
2020-01-27 14:06:00,1.55925E-08,8.21591E-09
2020-01-27 14:07:00,1.59724E-08,7.56715E-09
2020-01-27 14:08:00,1.45873E-08,7.63987E-09
2020-01-27 14:09:00,1.50127E-08,9.23496E-09
2020-01-27 14:10:00,1.60124E-08,8.59192E-09
2020-01-27 14:11:00,1.37025E-08,1.07551E-08
2020-01-27 14:12:00,1.4112E-08,8.48884E-09
2020-01-27 14:13:00,1.61603E-08,8.3214E-09
2020-01-27 14:14:00,1.52232E-08,8.7119E-09
2020-01-27 14:15:00,1.536E-08,9.29931E-09
2020-01-27 14:16:00,1.47741E-08,8.71875E-09
2020-01-27 14:17:00,1.66993E-08,9.24048E-09
2020-01-27 14:18:00,1.40329E-08,8.81693E-09
2020-01-27 14:19:00,1.50073E-08,9.07892E-09
2020-01-27 14:20:00,1.64212E-08,7.72748E-09
2020-01-27 14:21:00,1.62589E-08,8.58431E-09
2020-01-27 14:22:00,1.43088E-08,9.5236E-09
2020-01-27 14:23:00,1.41624E-08,8.59656E-09
2020-01-27 14:24:00,1.60896E-08,9.14768E-09
2020-01-27 14:25:00,1.54802E-08,8.39221E-09
2020-01-27 14:26:00,1.39063E-08,7.52061E-09
2020-01-27 14:27:00,1.46009E-08,7.54385E-09
2020-01-27 14:28:00,1.48194E-08,7.85036E-09
2020-01-27 14:29:00,1.55069E-08,7.25218E-09
2020-01-27 14:30:00,1.66668E-08,8.59941E-09
2020-01-27 14:31:00,1.65336E-08,8.16225E-09
2020-01-27 14:32:00,1.74771E-08,7.54329E-09
2020-01-27 14:33:00,1.66903E-08,7.63466E-09
2020-01-27 14:34:00,1.67649E-08,8.68008E-09
2020-01-27 14:35:00,1.76752E-08,8.01152E-09
2020-01-27 14:36:00,1.59436E-08,8.94028E-09
2020-01-27 14:37:00,1.53175E-08,8.4798E-09
2020-01-27 14:38:00,1.68012E-08,1.09758E-08
2020-01-27 14:39:00,1.60664E-08,7.88534E-09
2020-01-27 14:40:00,1.84044E-08,8.1892E-09
2020-01-27 14:41:00,2.04997E-08,7.81634E-09
2020-01-27 14:42:00,2.13224E-08,8.23936E-09
2020-01-27 14:43:00,2.09891E-08,8.10648E-09
2020-01-27 14:44:00,1.92831E-08,7.70637E-09
2020-01-27 14:45:00,1.87538E-08,7.19276E-09
2020-01-27 14:46:00,1.87708E-08,8.5933E-09
2020-01-27 14:47:00,1.95267E-08,8.77756E-09
2020-01-27 14:48:00,1.72759E-08,7.37432E-09
2020-01-27 14:49:00,1.73258E-08,7.77683E-09
2020-01-27 14:50:00,1.80091E-08,9.10469E-09
2020-01-27 14:51:00,1.83161E-08,8.78695E-09
2020-01-27 14:52:00,1.89393E-08,7.83764E-09
2020-01-27 14:53:00,1.85752E-08,7.14041E-09
2020-01-27 14:54:00,1.77425E-08,7.68731E-09
2020-01-27 14:55:00,1.78387E-08,9.06869E-09
2020-01-27 14:56:00,1.60267E-08,7.293E-09
2020-01-27 14:57:00,1.67111E-08,7.94479E-09
2020-01-27 14:58:00,1.79455E-08,7.64042E-09
2020-01-27 14:59:00,1.64333E-08,7.21698E-09
2020-01-27 15:00:00,1.63602E-08,8.85916E-09
2020-01-27 15:01:00,1.66298E-08,8.46794E-09
2020-01-27 15:02:00,1.5842E-08,7.36181E-09
2020-01-27 15:03:00,1.65768E-08,7.84241E-09
2020-01-27 15:04:00,1.79993E-08,7.08651E-09
2020-01-27 15:05:00,1.73273E-08,8.88245E-09
2020-01-27 15:06:00,1.71597E-08,8.03474E-09
2020-01-27 15:07:00,1.67507E-08,8.31269E-09
2020-01-27 15:08:00,1.67693E-08,8.84658E-09
2020-01-27 15:09:00,1.63274E-08,8.22585E-09
2020-01-27 15:10:00,1.63517E-08,7.36872E-09
2020-01-27 15:11:00,1.54158E-08,8.19843E-09
2020-01-27 15:12:00,1.58422E-08,9.16299E-09
2020-01-27 15:13:00,1.68583E-08,7.61897E-09
2020-01-27 15:14:00,1.79419E-08,8.70772E-09
2020-01-27 15:15:00,1.88548E-08,7.15727E-09
2020-01-27 15:16:00,1.61042E-08,6.31856E-09
2020-01-27 15:17:00,1.51621E-08,7.45307E-09
2020-01-27 15:18:00,1.4911E-08,8.41061E-09
2020-01-27 15:19:00,1.56841E-08,8.88011E-09
2020-01-27 15:20:00,1.63547E-08,9.16379E-09
2020-01-27 15:21:00,1.80688E-08,8.58054E-09
2020-01-27 15:22:00,1.71782E-08,6.84889E-09
2020-01-27 15:23:00,1.5765E-08,8.4231E-09
2020-01-27 15:24:00,1.77926E-08,8.34855E-09
2020-01-27 15:25:00,1.72653E-08,7.94151E-09
2020-01-27 15:26:00,1.78017E-08,8.62695E-09
2020-01-27 15:27:00,1.90886E-08,7.56445E-09
2020-01-27 15:28:00,1.8378E-08,6.77056E-09
2020-01-27 15:29:00,1.95288E-08,7.34963E-09
2020-01-27 15:30:00,2.04734E-08,8.41161E-09
2020-01-27 15:31:00,1.93749E-08,7.08847E-09
2020-01-27 15:32:00,1.76052E-08,9.42357E-09
2020-01-27 15:33:00,1.84517E-08,7.95935E-09
2020-01-27 15:34:00,1.99122E-08,8.12082E-09
2020-01-27 15:35:00,1.94375E-08,8.35358E-09
2020-01-27 15:36:00,2.02196E-08,7.44641E-09
2020-01-27 15:37:00,2.00993E-08,9.41123E-09
2020-01-27 15:38:00,2.05687E-08,7.5958E-09
2020-01-27 15:39:00,1.88468E-08,7.90386E-09
2020-01-27 15:40:00,1.88542E-08,7.65246E-09
2020-01-27 15:41:00,2.00584E-08,8.2323E-09
2020-01-27 15:42:00,1.98142E-08,8.60908E-09
2020-01-27 15:43:00,2.00185E-08,7.39491E-09
2020-01-27 15:44:00,2.00512E-08,7.2653E-09
2020-01-27 15:45:00,2.05008E-08,8.09148E-09
2020-01-27 15:46:00,2.15322E-08,8.37841E-09
2020-01-27 15:47:00,2.03565E-08,7.81289E-09
2020-01-27 15:48:00,2.25156E-08,7.92148E-09
2020-01-27 15:49:00,2.39099E-08,7.96475E-09
2020-01-27 15:50:00,2.35326E-08,8.35891E-09
2020-01-27 15:51:00,2.38517E-08,8.71741E-09
2020-01-27 15:52:00,2.423E-08,8.50984E-09
2020-01-27 15:53:00,2.33073E-08,8.44871E-09
2020-01-27 15:54:00,2.4779E-08,8.51304E-09
2020-01-27 15:55:00,2.30615E-08,7.89699E-09
2020-01-27 15:56:00,2.40044E-08,8.21846E-09
2020-01-27 15:57:00,2.6417E-08,8.09214E-09
2020-01-27 15:58:00,2.72311E-08,9.60146E-09
2020-01-27 15:59:00,2.64759E-08,7.44798E-09
2020-01-27 16:00:00,2.44985E-08,8.74431E-09
2020-01-27 16:01:00,2.63122E-08,8.14953E-09
2020-01-27 16:02:00,2.58441E-08,8.12808E-09
2020-01-27 16:03:00,2.61294E-08,7.80158E-09
2020-01-27 16:04:00,2.55074E-08,7.69481E-09
2020-01-27 16:05:00,2.48073E-08,7.84283E-09
2020-01-27 16:06:00,2.56179E-08,9.29602E-09
2020-01-27 16:07:00,2.34235E-08,8.50345E-09
2020-01-27 16:08:00,2.31134E-08,8.66162E-09
2020-01-27 16:09:00,2.47853E-08,7.30754E-09
2020-01-27 16:10:00,2.3645E-08,9.133E-09
2020-01-27 16:11:00,2.44156E-08,7.59583E-09
2020-01-27 16:12:00,2.41288E-08,8.03141E-09
2020-01-27 16:13:00,2.12285E-08,7.14375E-09
2020-01-27 16:14:00,1.95215E-08,7.939E-09
2020-01-27 16:15:00,1.98399E-08,9.474E-09
2020-01-27 16:16:00,1.96873E-08,8.47391E-09
2020-01-27 16:17:00,2.09586E-08,8.05838E-09
2020-01-27 16:18:00,2.27024E-08,7.86904E-09
2020-01-27 16:19:00,2.0505E-08,8.27588E-09
2020-01-27 16:20:00,1.9599E-08,8.4344E-09
2020-01-27 16:21:00,2.06178E-08,7.79601E-09
2020-01-27 16:22:00,2.18003E-08,8.44692E-09
2020-01-27 16:23:00,1.87448E-08,1.00788E-08
2020-01-27 16:24:00,1.95943E-08,8.07047E-09
2020-01-27 16:25:00,2.10837E-08,7.80523E-09
2020-01-27 16:26:00,2.03409E-08,8.18275E-09
2020-01-27 16:27:00,2.16167E-08,8.06713E-09
2020-01-27 16:28:00,2.14747E-08,8.01466E-09
2020-01-27 16:29:00,2.22455E-08,7.28317E-09
2020-01-27 16:30:00,2.12552E-08,7.92916E-09
2020-01-27 16:31:00,1.87153E-08,8.91395E-09
2020-01-27 16:32:00,2.03923E-08,7.04983E-09
2020-01-27 16:33:00,1.87015E-08,7.44022E-09
2020-01-27 16:34:00,2.02108E-08,6.52059E-09
2020-01-27 16:35:00,1.95511E-08,8.24749E-09
2020-01-27 16:36:00,1.8661E-08,8.98365E-09
2020-01-27 16:37:00,1.77649E-08,8.05595E-09
2020-01-27 16:38:00,2.07844E-08,7.8898E-09
2020-01-27 16:39:00,1.84255E-08,8.55493E-09
2020-01-27 16:40:00,1.83565E-08,7.9736E-09
2020-01-27 16:41:00,1.94271E-08,1.01153E-08
2020-01-27 16:42:00,1.72943E-08,8.35716E-09
2020-01-27 16:43:00,1.86519E-08,9.35012E-09
2020-01-27 16:44:00,1.8497E-08,9.76965E-09
2020-01-27 16:45:00,1.83777E-08,8.99612E-09
2020-01-27 16:46:00,1.95607E-08,9.98781E-09
2020-01-27 16:47:00,1.97879E-08,9.7474E-09
2020-01-27 16:48:00,2.18271E-08,9.25446E-09
2020-01-27 16:49:00,2.11564E-08,7.30511E-09
2020-01-27 16:50:00,2.40036E-08,8.58386E-09
2020-01-27 16:51:00,2.38745E-08,8.60464E-09
2020-01-27 16:52:00,2.26441E-08,7.77169E-09
2020-01-27 16:53:00,2.33434E-08,7.69321E-09
2020-01-27 16:54:00,2.44992E-08,8.42507E-09
2020-01-27 16:55:00,2.51936E-08,8.12221E-09
2020-01-27 16:56:00,2.30447E-08,7.15811E-09
2020-01-27 16:57:00,2.15985E-08,9.67285E-09
2020-01-27 16:58:00,2.23609E-08,7.72161E-09
2020-01-27 16:59:00,2.17237E-08,8.08386E-09
2020-01-27 17:00:00,2.27019E-08,7.95704E-09
2020-01-27 17:01:00,2.08556E-08,7.4003E-09
2020-01-27 17:02:00,2.1096E-08,7.78088E-09
2020-01-27 17:03:00,1.87202E-08,7.91822E-09
2020-01-27 17:04:00,1.91475E-08,6.98513E-09
2020-01-27 17:05:00,1.74559E-08,7.45392E-09
2020-01-27 17:06:00,1.89558E-08,7.66641E-09
2020-01-27 17:07:00,1.90248E-08,9.15134E-09
2020-01-27 17:08:00,1.83012E-08,7.98955E-09
2020-01-27 17:09:00,1.89204E-08,6.77887E-09
2020-01-27 17:10:00,1.95884E-08,9.76273E-09
2020-01-27 17:11:00,1.69398E-08,8.2639E-09
2020-01-27 17:12:00,1.82666E-08,9.28544E-09
2020-01-27 17:13:00,1.83605E-08,7.84318E-09
2020-01-27 17:14:00,1.73831E-08,8.18584E-09
2020-01-27 17:15:00,1.64499E-08,7.5369E-09
2020-01-27 17:16:00,1.61527E-08,8.72497E-09
2020-01-27 17:17:00,1.56584E-08,7.53715E-09
2020-01-27 17:18:00,1.55661E-08,7.77771E-09
2020-01-27 17:19:00,1.42538E-08,7.99471E-09
2020-01-27 17:20:00,1.35841E-08,7.02903E-09
2020-01-27 17:21:00,1.41597E-08,7.53946E-09
2020-01-27 17:22:00,1.46079E-08,6.45176E-09
2020-01-27 17:23:00,1.66087E-08,7.64506E-09
2020-01-27 17:24:00,1.50411E-08,7.13366E-09
2020-01-27 17:25:00,1.46378E-08,7.19955E-09
2020-01-27 17:26:00,1.53555E-08,7.47119E-09
2020-01-27 17:27:00,1.51077E-08,7.22896E-09
2020-01-27 17:28:00,1.37265E-08,7.04465E-09
2020-01-27 17:29:00,1.36941E-08,8.70689E-09
2020-01-27 17:30:00,1.42532E-08,7.60537E-09
2020-01-27 17:31:00,1.6235E-08,1.06389E-08
2020-01-27 17:32:00,1.56933E-08,7.81369E-09
2020-01-27 17:33:00,1.48799E-08,8.11837E-09
2020-01-27 17:34:00,1.48398E-08,7.11315E-09
2020-01-27 17:35:00,1.38584E-08,7.4703E-09
2020-01-27 17:36:00,1.44772E-08,7.75685E-09
2020-01-27 17:37:00,1.40396E-08,9.33085E-09
2020-01-27 17:38:00,1.32214E-08,7.83775E-09
2020-01-27 17:39:00,1.33265E-08,8.54255E-09
2020-01-27 17:40:00,1.46704E-08,9.67841E-09
2020-01-27 17:41:00,1.50539E-08,8.65546E-09
2020-01-27 17:42:00,1.51382E-08,8.8058E-09
2020-01-27 17:43:00,1.38196E-08,8.09011E-09
2020-01-27 17:44:00,1.58308E-08,9.8369E-09
2020-01-27 17:45:00,1.43857E-08,9.05129E-09
2020-01-27 17:46:00,1.55372E-08,8.81478E-09
2020-01-27 17:47:00,1.48161E-08,9.05638E-09
2020-01-27 17:48:00,1.48193E-08,8.1113E-09
2020-01-27 17:49:00,1.53136E-08,8.2332E-09
2020-01-27 17:50:00,1.44985E-08,8.65107E-09
2020-01-27 17:51:00,1.55021E-08,8.75478E-09
2020-01-27 17:52:00,1.27343E-08,6.7599E-09
2020-01-27 17:53:00,1.35463E-08,7.45611E-09
2020-01-27 17:54:00,1.41564E-08,8.84369E-09
2020-01-27 17:55:00,1.45807E-08,8.69167E-09
2020-01-27 17:56:00,1.41168E-08,7.94629E-09
2020-01-27 17:57:00,1.56553E-08,7.67009E-09
2020-01-27 17:58:00,1.46715E-08,8.15062E-09
2020-01-27 17:59:00,1.31988E-08,8.2875E-09
2020-01-27 18:00:00,1.29768E-08,8.8994E-09
2020-01-27 18:01:00,1.41229E-08,8.97646E-09
2020-01-27 18:02:00,1.36789E-08,7.82217E-09
2020-01-27 18:03:00,1.46785E-08,5.96398E-09
2020-01-27 18:04:00,1.41044E-08,7.85941E-09
2020-01-27 18:05:00,1.37282E-08,8.06785E-09
2020-01-27 18:06:00,1.42356E-08,5.81288E-09
2020-01-27 18:07:00,1.37588E-08,7.15535E-09
2020-01-27 18:08:00,1.48464E-08,6.83951E-09
2020-01-27 18:09:00,1.46388E-08,8.01863E-09
2020-01-27 18:10:00,1.33557E-08,8.72428E-09
2020-01-27 18:11:00,1.56208E-08,7.59727E-09
2020-01-27 18:12:00,1.54509E-08,6.38263E-09
2020-01-27 18:13:00,1.66767E-08,6.79747E-09
2020-01-27 18:14:00,1.53686E-08,7.33607E-09
2020-01-27 18:15:00,1.51669E-08,6.74188E-09
2020-01-27 18:16:00,1.60225E-08,8.05361E-09
2020-01-27 18:17:00,1.77308E-08,6.76695E-09
2020-01-27 18:18:00,1.56376E-08,7.09871E-09
2020-01-27 18:19:00,1.77055E-08,8.04737E-09
2020-01-27 18:20:00,1.65192E-08,9.00431E-09
2020-01-27 18:21:00,1.59699E-08,7.74969E-09
2020-01-27 18:22:00,1.45974E-08,7.01E-09
2020-01-27 18:23:00,1.52692E-08,6.27186E-09
2020-01-27 18:24:00,1.53713E-08,7.67001E-09
2020-01-27 18:25:00,1.62294E-08,7.48765E-09
2020-01-27 18:26:00,1.53417E-08,8.39163E-09
2020-01-27 18:27:00,1.43328E-08,6.35939E-09
2020-01-27 18:28:00,1.58687E-08,7.23505E-09
2020-01-27 18:29:00,1.53223E-08,6.32118E-09
2020-01-27 18:30:00,1.7183E-08,6.40769E-09
2020-01-27 18:31:00,1.66831E-08,6.45718E-09
2020-01-27 18:32:00,1.55231E-08,5.75737E-09
2020-01-27 18:33:00,1.59083E-08,6.34926E-09
2020-01-27 18:34:00,1.5071E-08,7.97091E-09
2020-01-27 18:35:00,1.74107E-08,7.27266E-09
2020-01-27 18:36:00,1.48079E-08,5.8688E-09
2020-01-27 18:37:00,1.62962E-08,7.59479E-09
2020-01-27 18:38:00,1.44983E-08,6.65376E-09
2020-01-27 18:39:00,1.61028E-08,8.55601E-09
2020-01-27 18:40:00,1.65629E-08,7.22464E-09
2020-01-27 18:41:00,1.29266E-08,6.09664E-09
2020-01-27 18:42:00,1.28788E-08,5.12054E-09
2020-01-27 18:43:00,1.30716E-08,6.87039E-09
2020-01-27 18:44:00,1.36481E-08,6.29694E-09
2020-01-27 18:45:00,1.38847E-08,6.50152E-09
2020-01-27 18:46:00,1.3767E-08,6.09746E-09
2020-01-27 18:47:00,1.6227E-08,5.37323E-09
2020-01-27 18:48:00,1.46271E-08,4.0919E-09
2020-01-27 18:49:00,1.27673E-08,5.39247E-09
2020-01-27 18:50:00,1.3886E-08,5.20218E-09
2020-01-27 18:51:00,1.44448E-08,4.74211E-09
2020-01-27 18:52:00,1.54792E-08,5.27903E-09
2020-01-27 18:53:00,1.44447E-08,4.34841E-09
2020-01-27 18:54:00,1.30399E-08,5.93533E-09
2020-01-27 18:55:00,1.38616E-08,5.27915E-09
2020-01-27 18:56:00,1.4413E-08,5.42215E-09
2020-01-27 18:57:00,1.22584E-08,5.46815E-09
2020-01-27 18:58:00,1.38046E-08,5.97079E-09
2020-01-27 18:59:00,1.3687E-08,6.79807E-09
2020-01-27 19:00:00,1.33885E-08,5.13725E-09
2020-01-27 19:01:00,1.34163E-08,4.40982E-09
2020-01-27 19:02:00,1.39051E-08,5.72063E-09
2020-01-27 19:03:00,1.38078E-08,5.38997E-09
2020-01-27 19:04:00,1.33291E-08,5.6571E-09
2020-01-27 19:05:00,1.27843E-08,5.18107E-09
2020-01-27 19:06:00,1.23037E-08,5.50687E-09
2020-01-27 19:07:00,1.36012E-08,5.76992E-09
2020-01-27 19:08:00,1.35333E-08,6.88791E-09
2020-01-27 19:09:00,1.16144E-08,5.42711E-09
2020-01-27 19:10:00,9.797E-09,6.51351E-09
2020-01-27 19:11:00,1.06306E-08,8.27598E-09
2020-01-27 19:12:00,1.21963E-08,5.9973E-09
2020-01-27 19:13:00,9.9676E-09,5.3771E-09
2020-01-27 19:14:00,1.08479E-08,5.70955E-09
2020-01-27 19:15:00,1.0176E-08,6.03878E-09
2020-01-27 19:16:00,9.02738E-09,5.60566E-09
2020-01-27 19:17:00,1.1616E-08,5.44916E-09
2020-01-27 19:18:00,1.3215E-08,7.47466E-09
2020-01-27 19:19:00,1.20811E-08,6.39561E-09
2020-01-27 19:20:00,1.22312E-08,6.65561E-09
2020-01-27 19:21:00,1.29784E-08,5.75021E-09
2020-01-27 19:22:00,1.24958E-08,6.60171E-09
2020-01-27 19:23:00,1.30546E-08,7.59685E-09
2020-01-27 19:24:00,1.32983E-08,7.62704E-09
2020-01-27 19:25:00,1.42823E-08,7.56788E-09
2020-01-27 19:26:00,1.61936E-08,7.40106E-09
2020-01-27 19:27:00,1.65231E-08,6.75032E-09
2020-01-27 19:28:00,1.35435E-08,7.16852E-09
2020-01-27 19:29:00,1.55024E-08,6.82549E-09
2020-01-27 19:30:00,1.55664E-08,7.0699E-09
2020-01-27 19:31:00,1.39696E-08,6.82555E-09
2020-01-27 19:32:00,1.31156E-08,5.98749E-09
2020-01-27 19:33:00,1.38196E-08,6.20245E-09
2020-01-27 19:34:00,1.31154E-08,6.24933E-09
2020-01-27 19:35:00,1.42826E-08,5.66572E-09
2020-01-27 19:36:00,1.53839E-08,5.41241E-09
2020-01-27 19:37:00,1.34172E-08,3.56667E-09
2020-01-27 19:38:00,1.46529E-08,5.21433E-09
2020-01-27 19:39:00,1.3771E-08,5.54185E-09
2020-01-27 19:40:00,1.46958E-08,6.40024E-09
2020-01-27 19:41:00,1.43097E-08,7.1767E-09
2020-01-27 19:42:00,1.37635E-08,7.37828E-09
2020-01-27 19:43:00,1.28156E-08,6.15341E-09
2020-01-27 19:44:00,1.31131E-08,6.83616E-09
2020-01-27 19:45:00,1.45734E-08,5.91257E-09
2020-01-27 19:46:00,1.35526E-08,6.67609E-09
2020-01-27 19:47:00,1.39988E-08,5.24778E-09
2020-01-27 19:48:00,1.38918E-08,5.43151E-09
2020-01-27 19:49:00,1.53225E-08,5.73942E-09
2020-01-27 19:50:00,1.43958E-08,4.2345E-09
2020-01-27 19:51:00,1.45218E-08,4.81511E-09
2020-01-27 19:52:00,1.35833E-08,4.96627E-09
2020-01-27 19:53:00,1.60154E-08,4.3994E-09
2020-01-27 19:54:00,1.56994E-08,5.0235E-09
2020-01-27 19:55:00,1.50061E-08,6.4876E-09
2020-01-27 19:56:00,1.7969E-08,6.60497E-09
2020-01-27 19:57:00,1.68083E-08,6.78129E-09
2020-01-27 19:58:00,1.55875E-08,7.51027E-09
2020-01-27 19:59:00,1.66462E-08,7.23638E-09
2020-01-27 20:00:00,1.36751E-08,8.48721E-09
2020-01-27 20:01:00,1.458E-08,8.00933E-09
2020-01-27 20:02:00,1.47583E-08,7.52909E-09
2020-01-27 20:03:00,1.50174E-08,6.314E-09
2020-01-27 20:04:00,1.34917E-08,6.35025E-09
2020-01-27 20:05:00,1.43387E-08,6.43184E-09
2020-01-27 20:06:00,1.42626E-08,6.56989E-09
2020-01-27 20:07:00,1.24874E-08,6.95558E-09
2020-01-27 20:08:00,1.34897E-08,7.219E-09
2020-01-27 20:09:00,1.31593E-08,6.47291E-09
2020-01-27 20:10:00,1.37002E-08,7.68676E-09
2020-01-27 20:11:00,1.41417E-08,5.43848E-09
2020-01-27 20:12:00,1.32988E-08,5.1372E-09
2020-01-27 20:13:00,1.17508E-08,5.01659E-09
2020-01-27 20:14:00,1.23153E-08,7.87948E-09
2020-01-27 20:15:00,1.43073E-08,7.59419E-09
2020-01-27 20:16:00,1.20917E-08,6.92238E-09
2020-01-27 20:17:00,1.1075E-08,5.99152E-09
2020-01-27 20:18:00,1.23521E-08,6.83695E-09
2020-01-27 20:19:00,1.22886E-08,6.55839E-09
2020-01-27 20:20:00,1.29905E-08,5.56108E-09
2020-01-27 20:21:00,1.2344E-08,5.33183E-09
2020-01-27 20:22:00,1.32043E-08,4.01448E-09
2020-01-27 20:23:00,1.29276E-08,5.76754E-09
2020-01-27 20:24:00,1.29293E-08,6.70726E-09
2020-01-27 20:25:00,1.2722E-08,6.60844E-09
2020-01-27 20:26:00,1.43447E-08,6.18487E-09
2020-01-27 20:27:00,1.40393E-08,5.92579E-09
2020-01-27 20:28:00,1.46738E-08,5.81965E-09
2020-01-27 20:29:00,1.29209E-08,6.98396E-09
2020-01-27 20:30:00,1.36597E-08,5.83794E-09
2020-01-27 20:31:00,1.28636E-08,6.20153E-09
2020-01-27 20:32:00,1.52242E-08,6.80437E-09
2020-01-27 20:33:00,1.30656E-08,5.26885E-09
2020-01-27 20:34:00,1.63614E-08,6.35373E-09
2020-01-27 20:35:00,1.31043E-08,5.60441E-09
2020-01-27 20:36:00,1.32126E-08,6.28232E-09
2020-01-27 20:37:00,1.52257E-08,5.89862E-09
2020-01-27 20:38:00,1.38795E-08,5.72355E-09
2020-01-27 20:39:00,1.33982E-08,5.78163E-09
2020-01-27 20:40:00,1.39648E-08,6.22291E-09
2020-01-27 20:41:00,1.38184E-08,6.34513E-09
2020-01-27 20:42:00,1.37422E-08,5.41716E-09
2020-01-27 20:43:00,1.45381E-08,6.92004E-09
2020-01-27 20:44:00,1.44957E-08,5.38163E-09
2020-01-27 20:45:00,1.40439E-08,5.95661E-09
2020-01-27 20:46:00,1.44665E-08,6.60979E-09
2020-01-27 20:47:00,1.357E-08,6.74231E-09
2020-01-27 20:48:00,1.47033E-08,5.45074E-09
2020-01-27 20:49:00,1.45122E-08,4.64704E-09
2020-01-27 20:50:00,1.4115E-08,3.6976E-09
2020-01-27 20:51:00,1.3326E-08,5.71267E-09
2020-01-27 20:52:00,1.42731E-08,3.53533E-09
2020-01-27 20:53:00,1.42363E-08,4.02032E-09
2020-01-27 20:54:00,1.3094E-08,3.80908E-09
2020-01-27 20:55:00,1.40657E-08,3.34963E-09
2020-01-27 20:56:00,1.43625E-08,4.33605E-09
2020-01-27 20:57:00,1.44011E-08,5.12869E-09
2020-01-27 20:58:00,1.34257E-08,3.79912E-09
2020-01-27 20:59:00,1.38783E-08,4.37872E-09
2020-01-27 21:00:00,1.40939E-08,5.10732E-09
2020-01-27 21:01:00,1.33725E-08,4.3602E-09
2020-01-27 21:02:00,1.53392E-08,4.2124E-09
2020-01-27 21:03:00,1.57084E-08,4.89859E-09
2020-01-27 21:04:00,1.40962E-08,5.76973E-09
2020-01-27 21:05:00,1.34784E-08,5.51373E-09
2020-01-27 21:06:00,1.42585E-08,6.06694E-09
2020-01-27 21:07:00,1.4327E-08,4.70986E-09
2020-01-27 21:08:00,1.60269E-08,4.37641E-09
2020-01-27 21:09:00,1.5646E-08,4.88181E-09
2020-01-27 21:10:00,1.48188E-08,5.46462E-09
2020-01-27 21:11:00,1.49698E-08,4.81916E-09
2020-01-27 21:12:00,1.47985E-08,4.25085E-09
2020-01-27 21:13:00,1.61744E-08,4.78873E-09
2020-01-27 21:14:00,1.49467E-08,5.22128E-09
2020-01-27 21:15:00,1.41873E-08,4.20759E-09
2020-01-27 21:16:00,1.43579E-08,5.12796E-09
2020-01-27 21:17:00,1.58746E-08,4.8157E-09
2020-01-27 21:18:00,1.52098E-08,4.28469E-09
2020-01-27 21:19:00,1.55908E-08,4.98968E-09
2020-01-27 21:20:00,1.38731E-08,5.52656E-09
2020-01-27 21:21:00,1.54741E-08,3.67425E-09
2020-01-27 21:22:00,1.48186E-08,3.90489E-09
2020-01-27 21:23:00,1.41249E-08,5.39911E-09
2020-01-27 21:24:00,1.56111E-08,5.60189E-09
2020-01-27 21:25:00,1.46252E-08,5.95151E-09
2020-01-27 21:26:00,1.31288E-08,5.65736E-09
2020-01-27 21:27:00,1.17342E-08,4.75412E-09
2020-01-27 21:28:00,1.4137E-08,4.04304E-09
2020-01-27 21:29:00,1.62384E-08,4.95059E-09
2020-01-27 21:30:00,1.36271E-08,4.89069E-09
2020-01-27 21:31:00,1.47098E-08,3.94955E-09
2020-01-27 21:32:00,1.48699E-08,4.43886E-09
2020-01-27 21:33:00,1.37352E-08,4.11365E-09
2020-01-27 21:34:00,1.33566E-08,6.48067E-09
2020-01-27 21:35:00,1.43698E-08,5.86121E-09
2020-01-27 21:36:00,1.58168E-08,4.89072E-09
2020-01-27 21:37:00,1.47197E-08,4.23807E-09
2020-01-27 21:38:00,1.5763E-08,4.79961E-09
2020-01-27 21:39:00,1.6685E-08,4.51831E-09
2020-01-27 21:40:00,1.66451E-08,3.75032E-09
2020-01-27 21:41:00,1.83325E-08,4.56412E-09
2020-01-27 21:42:00,1.7963E-08,4.32166E-09
2020-01-27 21:43:00,1.67525E-08,4.96002E-09
2020-01-27 21:44:00,1.80219E-08,5.06189E-09
2020-01-27 21:45:00,1.49349E-08,3.8481E-09
2020-01-27 21:46:00,1.63141E-08,4.30392E-09
2020-01-27 21:47:00,1.55213E-08,5.26294E-09
2020-01-27 21:48:00,1.91732E-08,5.99949E-09
2020-01-27 21:49:00,2.03113E-08,5.52503E-09
2020-01-27 21:50:00,1.7238E-08,5.35174E-09
2020-01-27 21:51:00,1.57757E-08,4.30408E-09
2020-01-27 21:52:00,1.47133E-08,4.8396E-09
2020-01-27 21:53:00,1.69025E-08,5.29511E-09
2020-01-27 21:54:00,1.58958E-08,5.80531E-09
2020-01-27 21:55:00,1.69638E-08,5.68877E-09
2020-01-27 21:56:00,1.4613E-08,4.34607E-09
2020-01-27 21:57:00,1.52191E-08,6.76639E-09
2020-01-27 21:58:00,1.46919E-08,6.62825E-09
2020-01-27 21:59:00,1.49807E-08,7.1655E-09
2020-01-27 22:00:00,1.38236E-08,4.87703E-09
2020-01-27 22:01:00,1.33698E-08,6.06509E-09
2020-01-27 22:02:00,1.6059E-08,5.39726E-09
2020-01-27 22:03:00,1.43456E-08,5.05147E-09
2020-01-27 22:04:00,1.43604E-08,6.16821E-09
2020-01-27 22:05:00,1.53747E-08,5.31372E-09
2020-01-27 22:06:00,1.58652E-08,7.55183E-09
2020-01-27 22:07:00,1.60793E-08,6.33279E-09
2020-01-27 22:08:00,1.59516E-08,6.52113E-09
2020-01-27 22:09:00,1.47994E-08,6.3137E-09
2020-01-27 22:10:00,1.52255E-08,6.81466E-09
2020-01-27 22:11:00,1.51339E-08,6.38715E-09
2020-01-27 22:12:00,1.58633E-08,6.36872E-09
2020-01-27 22:13:00,1.46217E-08,5.89421E-09
2020-01-27 22:14:00,1.67539E-08,6.0542E-09
2020-01-27 22:15:00,1.5824E-08,6.7834E-09
2020-01-27 22:16:00,1.88453E-08,7.00408E-09
2020-01-27 22:17:00,1.48935E-08,7.21701E-09
2020-01-27 22:18:00,1.40923E-08,7.90264E-09
2020-01-27 22:19:00,1.43133E-08,7.10244E-09
2020-01-27 22:20:00,1.45676E-08,6.7893E-09
2020-01-27 22:21:00,1.39427E-08,6.4493E-09
2020-01-27 22:22:00,1.32615E-08,7.22277E-09
2020-01-27 22:23:00,1.45512E-08,6.13263E-09
2020-01-27 22:24:00,1.46022E-08,8.83828E-09
2020-01-27 22:25:00,1.36369E-08,6.62755E-09
2020-01-27 22:26:00,1.36109E-08,7.6911E-09
2020-01-27 22:27:00,1.38724E-08,7.22986E-09
2020-01-27 22:28:00,1.49088E-08,6.1961E-09
2020-01-27 22:29:00,1.44964E-08,5.60101E-09
2020-01-27 22:30:00,1.38681E-08,6.34956E-09
2020-01-27 22:31:00,1.40148E-08,5.9877E-09
2020-01-27 22:32:00,1.33371E-08,5.04429E-09
2020-01-27 22:33:00,1.6128E-08,6.09426E-09
2020-01-27 22:34:00,1.47346E-08,5.1471E-09
2020-01-27 22:35:00,1.5296E-08,5.71687E-09
2020-01-27 22:36:00,1.48819E-08,4.56185E-09
2020-01-27 22:37:00,1.40017E-08,4.00334E-09
2020-01-27 22:38:00,1.53177E-08,5.43337E-09
2020-01-27 22:39:00,1.35148E-08,4.76054E-09
2020-01-27 22:40:00,1.40712E-08,5.28183E-09
2020-01-27 22:41:00,1.29627E-08,4.67369E-09
2020-01-27 22:42:00,1.4666E-08,5.33513E-09
2020-01-27 22:43:00,1.26694E-08,5.29334E-09
2020-01-27 22:44:00,1.36483E-08,6.11171E-09
2020-01-27 22:45:00,1.55588E-08,5.59434E-09
2020-01-27 22:46:00,1.47351E-08,5.91302E-09
2020-01-27 22:47:00,1.66982E-08,5.994E-09
2020-01-27 22:48:00,1.59107E-08,5.35826E-09
2020-01-27 22:49:00,1.67584E-08,5.25435E-09
2020-01-27 22:50:00,1.60357E-08,5.04454E-09
2020-01-27 22:51:00,1.56592E-08,4.94886E-09
2020-01-27 22:52:00,1.57288E-08,4.85787E-09
2020-01-27 22:53:00,1.35094E-08,4.51451E-09
2020-01-27 22:54:00,1.47169E-08,5.76396E-09
2020-01-27 22:55:00,1.37113E-08,6.15277E-09
2020-01-27 22:56:00,1.49762E-08,6.13102E-09
2020-01-27 22:57:00,1.61369E-08,6.87302E-09
2020-01-27 22:58:00,1.45983E-08,5.12902E-09
2020-01-27 22:59:00,1.62961E-08,7.27306E-09
2020-01-27 23:00:00,1.46649E-08,5.39689E-09
2020-01-27 23:01:00,1.33992E-08,5.38515E-09
2020-01-27 23:02:00,1.66711E-08,5.63828E-09
2020-01-27 23:03:00,1.40676E-08,5.65401E-09
2020-01-27 23:04:00,1.60308E-08,4.62858E-09
2020-01-27 23:05:00,1.56286E-08,4.79481E-09
2020-01-27 23:06:00,1.55156E-08,6.08265E-09
2020-01-27 23:07:00,1.42055E-08,6.80084E-09
2020-01-27 23:08:00,1.54098E-08,7.19245E-09
2020-01-27 23:09:00,1.51702E-08,5.97642E-09
2020-01-27 23:10:00,1.47233E-08,6.21347E-09
2020-01-27 23:11:00,1.40969E-08,4.88812E-09
2020-01-27 23:12:00,1.47251E-08,5.82208E-09
2020-01-27 23:13:00,1.5076E-08,5.56063E-09
2020-01-27 23:14:00,1.47404E-08,5.88903E-09
2020-01-27 23:15:00,1.54615E-08,6.20284E-09
2020-01-27 23:16:00,1.43626E-08,5.55378E-09
2020-01-27 23:17:00,1.51132E-08,5.12684E-09
2020-01-27 23:18:00,1.5678E-08,5.19526E-09
2020-01-27 23:19:00,1.53207E-08,5.02008E-09
2020-01-27 23:20:00,1.45581E-08,4.78826E-09
2020-01-27 23:21:00,1.45563E-08,6.77021E-09
2020-01-27 23:22:00,1.68338E-08,5.6745E-09
2020-01-27 23:23:00,1.6909E-08,5.42359E-09
2020-01-27 23:24:00,1.53291E-08,4.85678E-09
2020-01-27 23:25:00,1.63132E-08,4.70023E-09
2020-01-27 23:26:00,1.52656E-08,5.85369E-09
2020-01-27 23:27:00,1.67189E-08,5.53709E-09
2020-01-27 23:28:00,1.57663E-08,6.34687E-09
2020-01-27 23:29:00,1.34185E-08,4.09183E-09
2020-01-27 23:30:00,1.78129E-08,6.40554E-09
2020-01-27 23:31:00,1.61445E-08,6.61049E-09
2020-01-27 23:32:00,1.5515E-08,5.38284E-09
2020-01-27 23:33:00,1.55273E-08,6.68516E-09
2020-01-27 23:34:00,1.52662E-08,7.8431E-09
2020-01-27 23:35:00,1.63238E-08,6.1621E-09
2020-01-27 23:36:00,1.71522E-08,7.82713E-09
2020-01-27 23:37:00,1.647E-08,7.00522E-09
2020-01-27 23:38:00,1.49312E-08,7.99998E-09
2020-01-27 23:39:00,1.47515E-08,8.58315E-09
2020-01-27 23:40:00,1.35872E-08,6.57829E-09
2020-01-27 23:41:00,1.32626E-08,6.26451E-09
2020-01-27 23:42:00,1.47339E-08,6.65315E-09
2020-01-27 23:43:00,1.39678E-08,5.74786E-09
2020-01-27 23:44:00,1.46997E-08,5.74058E-09
2020-01-27 23:45:00,1.43285E-08,4.45043E-09
2020-01-27 23:46:00,1.36391E-08,5.19613E-09
2020-01-27 23:47:00,1.49764E-08,4.68057E-09
2020-01-27 23:48:00,1.34515E-08,5.09439E-09
2020-01-27 23:49:00,1.26477E-08,4.7094E-09
2020-01-27 23:50:00,1.25152E-08,4.36895E-09
2020-01-27 23:51:00,1.15728E-08,5.05428E-09
2020-01-27 23:52:00,1.41794E-08,6.42058E-09
2020-01-27 23:53:00,1.21628E-08,5.29467E-09
2020-01-27 23:54:00,1.29789E-08,4.85809E-09
2020-01-27 23:55:00,1.28815E-08,4.17E-09
2020-01-27 23:56:00,1.26776E-08,4.68631E-09
2020-01-27 23:57:00,1.47429E-08,3.70267E-09
2020-01-27 23:58:00,1.47226E-08,5.00885E-09
2020-01-27 23:59:00,1.39921E-08,4.43396E-09
